{
    "crime_index": 55.93010054967088,
    "traffic_time_index": 47.18763392857144,
    "cpi_and_rent_index": 20.099969612853403,
    "purchasing_power_incl_rent_index": 26.542654048401115,
    "restaurant_price_index": 21.2048697709949,
    "property_price_to_income_ratio": 18.023711865229092,
    "contributors_cost_of_living": 834,
    "contributors_healthcare": 304,
    "climate_index": 88.30259212474633,
    "safety_index": 44.06989945032911,
    "traffic_co2_index": 4517.6785714285725,
    "cpi_index": 29.430833169042387,
    "traffic_inefficiency_index": 209.72998160132687,
    "contributors_traffic": 238,
    "quality_of_life_index": 102.34578643808857,
    "rent_index": 9.386927594678955,
    "contributors_pollution": 449,
    "health_care_index": 66.66735290774707,
    "contributors_crime": 739,
    "traffic_index": 196.77079123377067,
    "groceries_index": 24.73975405259874,
    "name": "Colombia",
    "contributors_property": 225,
    "pollution_index": 62.77012694704751
}