{
    "crime_index": 45.549700861717234,
    "traffic_time_index": 34.45562814070352,
    "cpi_and_rent_index": 53.48945876821999,
    "purchasing_power_incl_rent_index": 81.41158977875062,
    "restaurant_price_index": 76.32054670553951,
    "property_price_to_income_ratio": 9.453078216115443,
    "contributors_cost_of_living": 6835,
    "contributors_healthcare": 1490,
    "climate_index": 87.93872668224306,
    "safety_index": 54.45029913828276,
    "traffic_co2_index": 4056.6974874371863,
    "cpi_index": 71.25441402902341,
    "traffic_inefficiency_index": 158.62610450224125,
    "contributors_traffic": 1059,
    "quality_of_life_index": 158.52505095350898,
    "rent_index": 33.092985171331634,
    "contributors_pollution": 1635,
    "health_care_index": 75.04464163021765,
    "contributors_crime": 4855,
    "traffic_index": 132.72909159762497,
    "groceries_index": 56.47923502176078,
    "name": "United Kingdom",
    "contributors_property": 1708,
    "pollution_index": 40.183749575896826
}