{
    "crime_index": 39.54676972506461,
    "traffic_time_index": 44.5312,
    "cpi_and_rent_index": 18.79272509178749,
    "purchasing_power_incl_rent_index": 35.81450375418237,
    "restaurant_price_index": 18.997027249392477,
    "property_price_to_income_ratio": 7.608059789460887,
    "contributors_cost_of_living": 2462,
    "contributors_healthcare": 915,
    "climate_index": 92.55039879181442,
    "safety_index": 60.453230274935386,
    "traffic_co2_index": 5986.397419354838,
    "cpi_index": 30.0556634045098,
    "traffic_inefficiency_index": 213.9877247795216,
    "contributors_traffic": 820,
    "quality_of_life_index": 126.75865438267012,
    "rent_index": 5.839585519486425,
    "contributors_pollution": 1128,
    "health_care_index": 70.79108653337659,
    "contributors_crime": 1927,
    "traffic_index": 193.71343694790244,
    "groceries_index": 26.32012984978602,
    "name": "Turkey",
    "contributors_property": 666,
    "pollution_index": 66.12165550577109
}