{
    "crime_index": 51.44910677940905,
    "traffic_time_index": 34.45714285714286,
    "cpi_and_rent_index": 54.44489568352974,
    "purchasing_power_incl_rent_index": 73.65314836512063,
    "restaurant_price_index": 74.30462103041961,
    "property_price_to_income_ratio": 11.741826231450277,
    "contributors_cost_of_living": 2067,
    "contributors_healthcare": 370,
    "climate_index": 90.41281450812791,
    "safety_index": 48.55089322059095,
    "traffic_co2_index": 3155.813411078717,
    "cpi_index": 78.05263892691076,
    "traffic_inefficiency_index": 126.27642638279174,
    "contributors_traffic": 363,
    "quality_of_life_index": 151.3005730087277,
    "rent_index": 27.294396876913307,
    "contributors_pollution": 1091,
    "health_care_index": 80.53179720130767,
    "contributors_crime": 2093,
    "traffic_index": 123.86209747884544,
    "groceries_index": 75.26424494479713,
    "name": "France",
    "contributors_property": 580,
    "pollution_index": 42.016192667203455
}