{
    "crime_index": 25.506040164528255,
    "traffic_time_index": 29.674855491329485,
    "cpi_and_rent_index": 35.254914996072515,
    "purchasing_power_incl_rent_index": 57.8208216222358,
    "restaurant_price_index": 36.29707577338211,
    "property_price_to_income_ratio": 13.792047487627553,
    "contributors_cost_of_living": 1041,
    "contributors_healthcare": 381,
    "climate_index": 77.99042626732333,
    "safety_index": 74.49395983547174,
    "traffic_co2_index": 1946.1040462427745,
    "cpi_index": 48.789750182138015,
    "traffic_inefficiency_index": 73.98040312766084,
    "contributors_traffic": 361,
    "quality_of_life_index": 158.82423992440994,
    "rent_index": 19.688940613067814,
    "contributors_pollution": 525,
    "health_care_index": 75.38567260480939,
    "contributors_crime": 812,
    "traffic_index": 92.18041932786807,
    "groceries_index": 42.32677762597819,
    "name": "Czech Republic",
    "contributors_property": 473,
    "pollution_index": 36.29054428261854
}