{
    "crime_index": 45.671491221163166,
    "traffic_time_index": 34.45562814070352,
    "cpi_and_rent_index": 53.44284769813278,
    "purchasing_power_incl_rent_index": 82.42630066163949,
    "restaurant_price_index": 76.32273094510782,
    "property_price_to_income_ratio": 9.446265975626151,
    "contributors_cost_of_living": 6844,
    "contributors_healthcare": 1491,
    "climate_index": 87.93872668224306,
    "safety_index": 54.32850877883682,
    "traffic_co2_index": 4056.6974874371863,
    "cpi_index": 71.13295705758524,
    "traffic_inefficiency_index": 158.62610450224125,
    "contributors_traffic": 1059,
    "quality_of_life_index": 158.88241690062728,
    "rent_index": 33.098027437204614,
    "contributors_pollution": 1636,
    "health_care_index": 75.0387340487784,
    "contributors_crime": 4867,
    "traffic_index": 132.72909159762497,
    "groceries_index": 56.47356039009135,
    "name": "United Kingdom",
    "contributors_property": 1711,
    "pollution_index": 40.190076772954235
}