{
    "crime_index": 33.35035111656012,
    "traffic_time_index": 26.796407185628745,
    "cpi_and_rent_index": 73.2626826996646,
    "purchasing_power_incl_rent_index": 77.61883348814477,
    "restaurant_price_index": 106.90134084994473,
    "property_price_to_income_ratio": 8.432943742253846,
    "contributors_cost_of_living": 1060,
    "contributors_healthcare": 318,
    "climate_index": 68.67504849504108,
    "safety_index": 66.6496488834399,
    "traffic_co2_index": 2432.119760479042,
    "cpi_index": 104.79235211826519,
    "traffic_inefficiency_index": 121.56651667936924,
    "contributors_traffic": 171,
    "quality_of_life_index": 173.0623861965747,
    "rent_index": 37.06253131318588,
    "contributors_pollution": 317,
    "health_care_index": 75.50214994271128,
    "contributors_crime": 1066,
    "traffic_index": 92.76996282652851,
    "groceries_index": 98.76149725629676,
    "name": "Norway",
    "contributors_property": 312,
    "pollution_index": 18.138197853409974
}