{
    "crime_index": 30.187715071138683,
    "traffic_time_index": 29.334482758620688,
    "cpi_and_rent_index": 37.57721994783951,
    "purchasing_power_incl_rent_index": 43.85489768926915,
    "restaurant_price_index": 41.59953229869165,
    "property_price_to_income_ratio": 12.785627583918004,
    "contributors_cost_of_living": 1642,
    "contributors_healthcare": 426,
    "climate_index": 97.72374972859899,
    "safety_index": 69.81228492886132,
    "traffic_co2_index": 3724.3172413793104,
    "cpi_index": 50.97335841735039,
    "traffic_inefficiency_index": 119.46495311819919,
    "contributors_traffic": 308,
    "quality_of_life_index": 161.38502153106887,
    "rent_index": 22.196714870154224,
    "contributors_pollution": 534,
    "health_care_index": 71.87671405988486,
    "contributors_crime": 1196,
    "traffic_index": 110.41350953582578,
    "groceries_index": 40.56752749546562,
    "name": "Portugal",
    "contributors_property": 478,
    "pollution_index": 29.75721610638951
}