{
    "crime_index": 35.48197039390262,
    "traffic_time_index": 31.354206896551727,
    "cpi_and_rent_index": 50.58678441524451,
    "purchasing_power_incl_rent_index": 92.80424511730992,
    "restaurant_price_index": 64.37417770492577,
    "property_price_to_income_ratio": 8.908457616589148,
    "contributors_cost_of_living": 4030,
    "contributors_healthcare": 759,
    "climate_index": 82.72659761450095,
    "safety_index": 64.5180296060974,
    "traffic_co2_index": 2431.28,
    "cpi_index": 68.82610870634313,
    "traffic_inefficiency_index": 128.78224317272952,
    "contributors_traffic": 761,
    "quality_of_life_index": 176.51914628337371,
    "rent_index": 29.645673623409458,
    "contributors_pollution": 1397,
    "health_care_index": 73.76993150445142,
    "contributors_crime": 2686,
    "traffic_index": 105.5655513445482,
    "groceries_index": 53.28318949883568,
    "name": "Germany",
    "contributors_property": 1069,
    "pollution_index": 27.715349656570776
}