{
    "crime_index": 44.26014352718232,
    "traffic_time_index": 36.35,
    "cpi_and_rent_index": 53.313195460728856,
    "purchasing_power_incl_rent_index": 74.41032442669432,
    "restaurant_price_index": 81.48812238761238,
    "property_price_to_income_ratio": 7.004920982439796,
    "contributors_cost_of_living": 887,
    "contributors_healthcare": 232,
    "climate_index": 86.02892835079122,
    "safety_index": 55.73985647281768,
    "traffic_co2_index": 4754.082352941176,
    "cpi_index": 76.09452499132546,
    "traffic_inefficiency_index": 191.65323719787543,
    "contributors_traffic": 179,
    "quality_of_life_index": 150.1556891465899,
    "rent_index": 27.11312822613555,
    "contributors_pollution": 382,
    "health_care_index": 75.13852753002496,
    "contributors_crime": 743,
    "traffic_index": 146.96233051011956,
    "groceries_index": 64.8442375248756,
    "name": "Belgium",
    "contributors_property": 219,
    "pollution_index": 50.131073761797005
}