{
    "crime_index": 25.295466820180792,
    "traffic_time_index": 25.669767441860465,
    "cpi_and_rent_index": 53.793580631482676,
    "purchasing_power_incl_rent_index": 73.96599708473391,
    "restaurant_price_index": 72.4877152727809,
    "property_price_to_income_ratio": 10.737702951559958,
    "contributors_cost_of_living": 738,
    "contributors_healthcare": 244,
    "climate_index": 77.78841622813002,
    "safety_index": 74.70453317981921,
    "traffic_co2_index": 1637.2674418604652,
    "cpi_index": 75.38716385891021,
    "traffic_inefficiency_index": 74.22501164707512,
    "contributors_traffic": 172,
    "quality_of_life_index": 179.94174480313563,
    "rent_index": 28.959501846284937,
    "contributors_pollution": 376,
    "health_care_index": 77.92613461881794,
    "contributors_crime": 630,
    "traffic_index": 79.84794379856882,
    "groceries_index": 67.23406179448365,
    "name": "Austria",
    "contributors_property": 209,
    "pollution_index": 19.478315228785256
}