{
    "crime_index": 30.244838963529165,
    "traffic_time_index": 40.91137123745819,
    "cpi_and_rent_index": 29.946052678102554,
    "purchasing_power_incl_rent_index": 56.26442336311271,
    "restaurant_price_index": 27.924625875656307,
    "property_price_to_income_ratio": 28.195366714608618,
    "contributors_cost_of_living": 1746,
    "contributors_healthcare": 329,
    "climate_index": 80.21001155167497,
    "safety_index": 69.75516103647082,
    "traffic_co2_index": 3483.698996655518,
    "cpi_index": 41.545964516507446,
    "traffic_inefficiency_index": 175.0912882361631,
    "contributors_traffic": 313,
    "quality_of_life_index": 103.68229207697037,
    "rent_index": 16.62784882873593,
    "contributors_pollution": 1882,
    "health_care_index": 66.29943148982649,
    "contributors_crime": 1247,
    "traffic_index": 156.622081728464,
    "groceries_index": 44.40772582882836,
    "name": "China",
    "contributors_property": 475,
    "pollution_index": 81.22777817201592
}