{
    "crime_index": 30.244838963529165,
    "traffic_time_index": 40.91137123745819,
    "cpi_and_rent_index": 29.938273982638208,
    "purchasing_power_incl_rent_index": 56.29752861094295,
    "restaurant_price_index": 28.015174073288605,
    "property_price_to_income_ratio": 28.155405796745274,
    "contributors_cost_of_living": 1747,
    "contributors_healthcare": 329,
    "climate_index": 80.21001155167497,
    "safety_index": 69.75516103647082,
    "traffic_co2_index": 3483.698996655518,
    "cpi_index": 41.50700068572565,
    "traffic_inefficiency_index": 175.0912882361631,
    "contributors_traffic": 313,
    "quality_of_life_index": 103.73939147704398,
    "rent_index": 16.633457113524237,
    "contributors_pollution": 1882,
    "health_care_index": 66.29943148982649,
    "contributors_crime": 1247,
    "traffic_index": 156.622081728464,
    "groceries_index": 44.422662109864,
    "name": "China",
    "contributors_property": 475,
    "pollution_index": 81.22777817201592
}