{
    "crime_index": 31.391261844107127,
    "traffic_time_index": 35.72108843537415,
    "cpi_and_rent_index": 60.36714847898024,
    "purchasing_power_incl_rent_index": 68.84225671050402,
    "restaurant_price_index": 90.85752784125651,
    "property_price_to_income_ratio": 13.228000683558792,
    "contributors_cost_of_living": 1111,
    "contributors_healthcare": 273,
    "climate_index": 93.83435855654687,
    "safety_index": 68.60873815589288,
    "traffic_co2_index": 5476.190476190477,
    "cpi_index": 84.64046265400563,
    "traffic_inefficiency_index": 160.94714990635288,
    "contributors_traffic": 157,
    "quality_of_life_index": 144.1154929810189,
    "rent_index": 32.49823440565028,
    "contributors_pollution": 342,
    "health_care_index": 73.74575744855863,
    "contributors_crime": 609,
    "traffic_index": 148.24248452672458,
    "groceries_index": 71.68456038122193,
    "name": "Israel",
    "contributors_property": 306,
    "pollution_index": 58.42441516913267
}