{
    "crime_index": 41.45094076992845,
    "traffic_time_index": 33.74753289473684,
    "cpi_and_rent_index": 53.12454909987673,
    "purchasing_power_incl_rent_index": 81.74518344956172,
    "restaurant_price_index": 65.16366393522425,
    "property_price_to_income_ratio": 7.488121914739874,
    "contributors_cost_of_living": 7560,
    "contributors_healthcare": 2838,
    "climate_index": 56.749144190770465,
    "safety_index": 58.54905923007154,
    "traffic_co2_index": 5339.195175438596,
    "cpi_index": 69.75661673155643,
    "traffic_inefficiency_index": 176.22264524565185,
    "contributors_traffic": 1905,
    "quality_of_life_index": 159.41451150599644,
    "rent_index": 33.99654826853546,
    "contributors_pollution": 3011,
    "health_care_index": 71.70627763560148,
    "contributors_crime": 7691,
    "traffic_index": 140.01921497066994,
    "groceries_index": 67.91484184272149,
    "name": "Canada",
    "contributors_property": 1972,
    "pollution_index": 28.22915085714624
}