{
    "crime_index": 26.870831138097525,
    "traffic_time_index": 40.184701492537314,
    "cpi_and_rent_index": 52.01438024461793,
    "purchasing_power_incl_rent_index": 74.7283039135738,
    "restaurant_price_index": 41.583967537553406,
    "property_price_to_income_ratio": 23.701197314599764,
    "contributors_cost_of_living": 622,
    "contributors_healthcare": 184,
    "climate_index": 68.39446115432169,
    "safety_index": 73.12916886190247,
    "traffic_co2_index": 2811.5671641791046,
    "cpi_index": 77.32448254564474,
    "traffic_inefficiency_index": 153.636746746128,
    "contributors_traffic": 142,
    "quality_of_life_index": 129.16431296271935,
    "rent_index": 22.955098882032075,
    "contributors_pollution": 385,
    "health_care_index": 82.28578527387627,
    "contributors_crime": 844,
    "traffic_index": 146.43546598712783,
    "groceries_index": 94.49509439199015,
    "name": "South Korea",
    "contributors_property": 116,
    "pollution_index": 62.21709681882937
}