{
    "crime_index": 47.23966764482056,
    "traffic_time_index": 29.763392857142858,
    "cpi_and_rent_index": 54.57709759167821,
    "purchasing_power_incl_rent_index": 89.09802208169685,
    "restaurant_price_index": 78.23939754224625,
    "property_price_to_income_ratio": 8.15903798035066,
    "contributors_cost_of_living": 1409,
    "contributors_healthcare": 397,
    "climate_index": 74.92075987514174,
    "safety_index": 52.76033235517944,
    "traffic_co2_index": 2445.571428571429,
    "cpi_index": 77.63239010507729,
    "traffic_inefficiency_index": 138.1880645503013,
    "contributors_traffic": 233,
    "quality_of_life_index": 171.5065070531046,
    "rent_index": 28.10663042108909,
    "contributors_pollution": 424,
    "health_care_index": 68.86194617658765,
    "contributors_crime": 2126,
    "traffic_index": 100.9408477940369,
    "groceries_index": 69.51727821205387,
    "name": "Sweden",
    "contributors_property": 380,
    "pollution_index": 18.340889450124532
}