{
    "crime_index": 44.64797037969509,
    "traffic_time_index": 34.160409556314,
    "cpi_and_rent_index": 48.502259473288696,
    "purchasing_power_incl_rent_index": 57.87445494125364,
    "restaurant_price_index": 74.7358461905239,
    "property_price_to_income_ratio": 9.085535297707485,
    "contributors_cost_of_living": 3140,
    "contributors_healthcare": 863,
    "climate_index": 91.48405788691983,
    "safety_index": 55.35202962030491,
    "traffic_co2_index": 4291.088737201365,
    "cpi_index": 70.96068091642452,
    "traffic_inefficiency_index": 160.58247205595796,
    "contributors_traffic": 617,
    "quality_of_life_index": 138.90549859858325,
    "rent_index": 22.673558343149622,
    "contributors_pollution": 1624,
    "health_care_index": 67.02312874009529,
    "contributors_crime": 2648,
    "traffic_index": 133.45825922799142,
    "groceries_index": 60.45712681634245,
    "name": "Italy",
    "contributors_property": 929,
    "pollution_index": 53.94364121836271
}