{
    "crime_index": 30.435044283401158,
    "traffic_time_index": 31.400163666121117,
    "cpi_and_rent_index": 29.845890454946904,
    "purchasing_power_incl_rent_index": 46.957261492838064,
    "restaurant_price_index": 34.499387002064125,
    "property_price_to_income_ratio": 13.751382644169482,
    "contributors_cost_of_living": 2310,
    "contributors_healthcare": 607,
    "climate_index": 76.1469169459069,
    "safety_index": 69.56495571659883,
    "traffic_co2_index": 3001.184942716857,
    "cpi_index": 40.26721534508416,
    "traffic_inefficiency_index": 104.30097858175053,
    "contributors_traffic": 643,
    "quality_of_life_index": 130.8065894968507,
    "rent_index": 17.86066314727684,
    "contributors_pollution": 1166,
    "health_care_index": 56.98319072589733,
    "contributors_crime": 1554,
    "traffic_index": 110.06355249052581,
    "groceries_index": 31.908982569708698,
    "name": "Poland",
    "contributors_property": 649,
    "pollution_index": 56.18428332876009
}