{
    "crime_index": 29.911044587452693,
    "traffic_time_index": 29.334482758620688,
    "cpi_and_rent_index": 37.47881564515643,
    "purchasing_power_incl_rent_index": 44.37697147281373,
    "restaurant_price_index": 41.53373843899126,
    "property_price_to_income_ratio": 12.785627583918004,
    "contributors_cost_of_living": 1643,
    "contributors_healthcare": 426,
    "climate_index": 97.72374972859899,
    "safety_index": 70.0889554125473,
    "traffic_co2_index": 3724.3172413793104,
    "cpi_index": 50.79734417299948,
    "traffic_inefficiency_index": 119.46495311819919,
    "contributors_traffic": 308,
    "quality_of_life_index": 161.7497877107648,
    "rent_index": 22.16160852488355,
    "contributors_pollution": 534,
    "health_care_index": 71.87671405988486,
    "contributors_crime": 1191,
    "traffic_index": 110.41350953582578,
    "groceries_index": 40.48343750887722,
    "name": "Portugal",
    "contributors_property": 478,
    "pollution_index": 29.75721610638951
}