{
    "crime_index": 30.40462705641715,
    "traffic_time_index": 31.400163666121117,
    "cpi_and_rent_index": 29.752362296085856,
    "purchasing_power_incl_rent_index": 46.453452323790714,
    "restaurant_price_index": 34.368545764609216,
    "property_price_to_income_ratio": 13.723905079535486,
    "contributors_cost_of_living": 2307,
    "contributors_healthcare": 606,
    "climate_index": 76.1469169459069,
    "safety_index": 69.59537294358286,
    "traffic_co2_index": 3001.184942716857,
    "cpi_index": 40.19174207200358,
    "traffic_inefficiency_index": 104.30097858175053,
    "contributors_traffic": 643,
    "quality_of_life_index": 130.73982405272045,
    "rent_index": 17.7665998305199,
    "contributors_pollution": 1164,
    "health_care_index": 57.04688764171895,
    "contributors_crime": 1553,
    "traffic_index": 110.06355249052581,
    "groceries_index": 31.814738620116657,
    "name": "Poland",
    "contributors_property": 646,
    "pollution_index": 56.09571440117112
}