{
    "crime_index": 42.62378829631018,
    "traffic_time_index": 34.772706422018345,
    "cpi_and_rent_index": 62.90129740325905,
    "purchasing_power_incl_rent_index": 97.8369968686459,
    "restaurant_price_index": 76.94705004555776,
    "property_price_to_income_ratio": 7.350699574223765,
    "contributors_cost_of_living": 2369,
    "contributors_healthcare": 951,
    "climate_index": 92.7024572835917,
    "safety_index": 57.376211703689826,
    "traffic_co2_index": 5671.233944954129,
    "cpi_index": 83.32641539232426,
    "traffic_inefficiency_index": 203.20302492515563,
    "contributors_traffic": 905,
    "quality_of_life_index": 181.16020527685401,
    "rent_index": 39.41103254100472,
    "contributors_pollution": 2035,
    "health_care_index": 77.85571973279924,
    "contributors_crime": 4750,
    "traffic_index": 147.26639315314614,
    "groceries_index": 79.97514886281503,
    "name": "Australia",
    "contributors_property": 439,
    "pollution_index": 23.454167978451245
}