{
    "crime_index": 27.152467174208546,
    "traffic_time_index": 27.79781420765027,
    "cpi_and_rent_index": 58.95705172145076,
    "purchasing_power_incl_rent_index": 82.55079604337084,
    "restaurant_price_index": 80.78619013706155,
    "property_price_to_income_ratio": 7.186158441524414,
    "contributors_cost_of_living": 1762,
    "contributors_healthcare": 475,
    "climate_index": 86.99563202193353,
    "safety_index": 72.84753282579149,
    "traffic_co2_index": 2525.0765027322404,
    "cpi_index": 76.25445950028781,
    "traffic_inefficiency_index": 165.38584175636385,
    "contributors_traffic": 378,
    "quality_of_life_index": 182.95477801969076,
    "rent_index": 39.097383296949175,
    "contributors_pollution": 544,
    "health_care_index": 75.3509499160495,
    "contributors_crime": 1118,
    "traffic_index": 97.55558963797499,
    "groceries_index": 59.38527202441251,
    "name": "Netherlands",
    "contributors_property": 514,
    "pollution_index": 25.37657893335894
}