{
    "crime_index": 45.092721569545766,
    "traffic_time_index": 37.89556962025316,
    "cpi_and_rent_index": 63.40171443149194,
    "purchasing_power_incl_rent_index": 74.96822246125481,
    "restaurant_price_index": 81.37221883141741,
    "property_price_to_income_ratio": 7.0211590802664405,
    "contributors_cost_of_living": 1251,
    "contributors_healthcare": 395,
    "climate_index": 89.13089204184517,
    "safety_index": 54.90727843045424,
    "traffic_co2_index": 4338.702531645569,
    "cpi_index": 79.87253809148758,
    "traffic_inefficiency_index": 173.42718208015626,
    "contributors_traffic": 327,
    "quality_of_life_index": 151.7727928512183,
    "rent_index": 44.45915505533971,
    "contributors_pollution": 369,
    "health_care_index": 52.95025644450088,
    "contributors_crime": 1481,
    "traffic_index": 149.81807470449735,
    "groceries_index": 65.16923164649778,
    "name": "Ireland",
    "contributors_property": 338,
    "pollution_index": 33.90350636107654
}