{
    "crime_index": 47.69336522886971,
    "traffic_time_index": 32.8834974137931,
    "cpi_and_rent_index": 57.518360536109846,
    "purchasing_power_incl_rent_index": 101.04314229213713,
    "restaurant_price_index": 70.68996050761127,
    "property_price_to_income_ratio": 4.0268212084706985,
    "contributors_cost_of_living": 26766,
    "contributors_healthcare": 5000,
    "climate_index": 77.37202411468517,
    "safety_index": 52.3066347711303,
    "traffic_co2_index": 7313.797260670137,
    "cpi_index": 70.78314841057298,
    "traffic_inefficiency_index": 242.6325893246675,
    "contributors_traffic": 6377,
    "quality_of_life_index": 166.459311057537,
    "rent_index": 42.26295879597924,
    "contributors_pollution": 5000,
    "health_care_index": 69.09709924980525,
    "contributors_crime": 13055,
    "traffic_index": 151.49511249825673,
    "groceries_index": 68.82456739335136,
    "name": "United States",
    "contributors_property": 12455,
    "pollution_index": 38.99083933991339
}