{
    "crime_index": 45.81636750670447,
    "traffic_time_index": 43.34848484848485,
    "cpi_and_rent_index": 24.10138864774483,
    "purchasing_power_incl_rent_index": 20.540654693771778,
    "restaurant_price_index": 17.723246264407425,
    "property_price_to_income_ratio": 21.7430579523398,
    "contributors_cost_of_living": 936,
    "contributors_healthcare": 264,
    "climate_index": 68.48067159814728,
    "safety_index": 54.18363249329554,
    "traffic_co2_index": 7110.174242424241,
    "cpi_index": 36.323062052231826,
    "traffic_inefficiency_index": 241.30171338224466,
    "contributors_traffic": 275,
    "quality_of_life_index": 90.58707848757726,
    "rent_index": 10.045638982794761,
    "contributors_pollution": 645,
    "health_care_index": 60.41754719689831,
    "contributors_crime": 807,
    "traffic_index": 195.78683297979745,
    "groceries_index": 37.71414355606317,
    "name": "Indonesia",
    "contributors_property": 235,
    "pollution_index": 66.99795369937338
}