{
    "crime_index": 55.93010054967088,
    "traffic_time_index": 47.18763392857144,
    "cpi_and_rent_index": 20.282791889938306,
    "purchasing_power_incl_rent_index": 26.242167903524837,
    "restaurant_price_index": 21.423734069220206,
    "property_price_to_income_ratio": 18.026826706237703,
    "contributors_cost_of_living": 834,
    "contributors_healthcare": 304,
    "climate_index": 88.30259212474633,
    "safety_index": 44.06989945032911,
    "traffic_co2_index": 4517.6785714285725,
    "cpi_index": 29.677651808148788,
    "traffic_inefficiency_index": 209.72998160132687,
    "contributors_traffic": 238,
    "quality_of_life_index": 102.22955737586662,
    "rent_index": 9.478068610460145,
    "contributors_pollution": 450,
    "health_care_index": 66.66735290774707,
    "contributors_crime": 739,
    "traffic_index": 196.77079123377067,
    "groceries_index": 24.984309752992086,
    "name": "Colombia",
    "contributors_property": 225,
    "pollution_index": 62.72248379607575
}