{
    "crime_index": 52.65177447386139,
    "traffic_time_index": 35.8469387755102,
    "cpi_and_rent_index": 34.298488321696965,
    "purchasing_power_incl_rent_index": 31.362039369880616,
    "restaurant_price_index": 49.27623684885544,
    "property_price_to_income_ratio": 17.907906039608605,
    "contributors_cost_of_living": 319,
    "contributors_healthcare": 171,
    "climate_index": 90.20526946449961,
    "safety_index": 47.348225526138606,
    "traffic_co2_index": 3319.7346938775518,
    "cpi_index": 50.33247685857044,
    "traffic_inefficiency_index": 114.04580270407617,
    "contributors_traffic": 104,
    "quality_of_life_index": 98.44040003479614,
    "rent_index": 15.85831883375831,
    "contributors_pollution": 504,
    "health_care_index": 63.874114605666215,
    "contributors_crime": 463,
    "traffic_index": 130.37039794223017,
    "groceries_index": 42.18683273182031,
    "name": "Chile",
    "contributors_property": 102,
    "pollution_index": 78.79796154015652
}