{
    "crime_index": 33.38309878212629,
    "traffic_time_index": 29.380846325167038,
    "cpi_and_rent_index": 41.63593346495038,
    "purchasing_power_incl_rent_index": 62.49840808708404,
    "restaurant_price_index": 56.81117914655914,
    "property_price_to_income_ratio": 9.316163194215921,
    "contributors_cost_of_living": 2676,
    "contributors_healthcare": 769,
    "climate_index": 93.64527426104995,
    "safety_index": 66.61690121787372,
    "traffic_co2_index": 3282.4187082405347,
    "cpi_index": 57.32562464859035,
    "traffic_inefficiency_index": 129.42246341877302,
    "contributors_traffic": 477,
    "quality_of_life_index": 164.81457774415884,
    "rent_index": 23.591729181382036,
    "contributors_pollution": 1216,
    "health_care_index": 78.80607434767998,
    "contributors_crime": 2083,
    "traffic_index": 107.26024392418266,
    "groceries_index": 46.95018281055961,
    "name": "Spain",
    "contributors_property": 815,
    "pollution_index": 39.737412656062716
}