{
    "crime_index": 41.45067922931834,
    "traffic_time_index": 33.74753289473684,
    "cpi_and_rent_index": 53.418536389526395,
    "purchasing_power_incl_rent_index": 80.85159834352483,
    "restaurant_price_index": 65.50935593539195,
    "property_price_to_income_ratio": 7.473643958782612,
    "contributors_cost_of_living": 7554,
    "contributors_healthcare": 2838,
    "climate_index": 56.749144190770465,
    "safety_index": 58.54932077068165,
    "traffic_co2_index": 5339.195175438596,
    "cpi_index": 70.14224496621861,
    "traffic_inefficiency_index": 176.22264524565185,
    "contributors_traffic": 1905,
    "quality_of_life_index": 159.0331233663778,
    "rent_index": 34.18514228350617,
    "contributors_pollution": 3011,
    "health_care_index": 71.70627763560148,
    "contributors_crime": 7687,
    "traffic_index": 140.01921497066994,
    "groceries_index": 68.29526712978362,
    "name": "Canada",
    "contributors_property": 1972,
    "pollution_index": 28.22915085714624
}