{
    "crime_index": 67.67187477488987,
    "traffic_time_index": 41.63321799307959,
    "cpi_and_rent_index": 19.85853246665307,
    "purchasing_power_incl_rent_index": 28.396496233228273,
    "restaurant_price_index": 21.72527020882235,
    "property_price_to_income_ratio": 15.544539493625205,
    "contributors_cost_of_living": 3027,
    "contributors_healthcare": 1053,
    "climate_index": 92.39444932444934,
    "safety_index": 32.32812522511014,
    "traffic_co2_index": 5604.47289504037,
    "cpi_index": 30.21036289247141,
    "traffic_inefficiency_index": 209.5085026307051,
    "contributors_traffic": 908,
    "quality_of_life_index": 105.69770892175443,
    "rent_index": 7.9532284854570925,
    "contributors_pollution": 1111,
    "health_care_index": 57.61422440367226,
    "contributors_crime": 3537,
    "traffic_index": 177.07836236638803,
    "groceries_index": 24.286978003840616,
    "name": "Brazil",
    "contributors_property": 885,
    "pollution_index": 54.42991041144772
}