{
    "crime_index": 76.89878020610028,
    "traffic_time_index": 39.404230769230765,
    "cpi_and_rent_index": 30.278160432756284,
    "purchasing_power_incl_rent_index": 72.81516090942833,
    "restaurant_price_index": 38.623586077814686,
    "property_price_to_income_ratio": 3.8115639925652665,
    "contributors_cost_of_living": 1328,
    "contributors_healthcare": 823,
    "climate_index": 95.25269478403798,
    "safety_index": 23.101219793899713,
    "traffic_co2_index": 9725.894871794873,
    "cpi_index": 42.28010191235093,
    "traffic_inefficiency_index": 243.1271307688551,
    "contributors_traffic": 802,
    "quality_of_life_index": 132.40302411173388,
    "rent_index": 16.47511731849433,
    "contributors_pollution": 753,
    "health_care_index": 63.91362033196432,
    "contributors_crime": 2734,
    "traffic_index": 191.68278718027258,
    "groceries_index": 34.7984910373214,
    "name": "South Africa",
    "contributors_property": 345,
    "pollution_index": 56.7724604620549
}