{
    "crime_index": 44.638276278087474,
    "traffic_time_index": 34.182905982905986,
    "cpi_and_rent_index": 48.60674293213595,
    "purchasing_power_incl_rent_index": 57.221717419752636,
    "restaurant_price_index": 74.85688974704273,
    "property_price_to_income_ratio": 9.088689385612728,
    "contributors_cost_of_living": 3135,
    "contributors_healthcare": 863,
    "climate_index": 91.48405788691983,
    "safety_index": 55.36172372191253,
    "traffic_co2_index": 4290.239316239316,
    "cpi_index": 71.18622708967281,
    "traffic_inefficiency_index": 160.69971420422036,
    "contributors_traffic": 616,
    "quality_of_life_index": 138.62468573719917,
    "rent_index": 22.682565488993248,
    "contributors_pollution": 1623,
    "health_care_index": 67.02312874009529,
    "contributors_crime": 2645,
    "traffic_index": 133.54455859611298,
    "groceries_index": 60.55604760083568,
    "name": "Italy",
    "contributors_property": 928,
    "pollution_index": 53.9250531959548
}