{
    "crime_index": 63.54323567172585,
    "traffic_time_index": 43.03513513513514,
    "cpi_and_rent_index": 24.02320036240751,
    "purchasing_power_incl_rent_index": 32.37286670108612,
    "restaurant_price_index": 33.55430466091177,
    "property_price_to_income_ratio": 23.442026913761477,
    "contributors_cost_of_living": 460,
    "contributors_healthcare": 292,
    "climate_index": 98.27899589633084,
    "safety_index": 36.45676432827414,
    "traffic_co2_index": 4089.0378378378377,
    "cpi_index": 37.34790227310628,
    "traffic_inefficiency_index": 184.10165687043332,
    "contributors_traffic": 196,
    "quality_of_life_index": 108.83568393865983,
    "rent_index": 8.724713722949232,
    "contributors_pollution": 258,
    "health_care_index": 68.65433920988099,
    "contributors_crime": 900,
    "traffic_index": 171.93124802145817,
    "groceries_index": 28.676275229398566,
    "name": "Argentina",
    "contributors_property": 135,
    "pollution_index": 50.803291770002076
}