{
    "crime_index": 42.14307451902935,
    "traffic_time_index": 30.676029962546814,
    "cpi_and_rent_index": 58.79433489565322,
    "purchasing_power_incl_rent_index": 79.74052692370852,
    "restaurant_price_index": 73.8229520196081,
    "property_price_to_income_ratio": 8.01302138418681,
    "contributors_cost_of_living": 1069,
    "contributors_healthcare": 268,
    "climate_index": 96.3514034654538,
    "safety_index": 57.85692548097065,
    "traffic_co2_index": 5141.782771535581,
    "cpi_index": 78.02296667071805,
    "traffic_inefficiency_index": 161.9419314396135,
    "contributors_traffic": 279,
    "quality_of_life_index": 175.4422205104441,
    "rent_index": 36.71737075211046,
    "contributors_pollution": 474,
    "health_care_index": 73.53943110757018,
    "contributors_crime": 998,
    "traffic_index": 127.05787237561353,
    "groceries_index": 72.45781766417772,
    "name": "New Zealand",
    "contributors_property": 184,
    "pollution_index": 23.643040347757946
}