{
    "crime_index": 41.44906973943317,
    "traffic_time_index": 33.74753289473684,
    "cpi_and_rent_index": 53.41658323958304,
    "purchasing_power_incl_rent_index": 81.73210483112486,
    "restaurant_price_index": 65.52739175171968,
    "property_price_to_income_ratio": 7.4896821987302635,
    "contributors_cost_of_living": 7558,
    "contributors_healthcare": 2838,
    "climate_index": 56.749144190770465,
    "safety_index": 58.55093026056682,
    "traffic_co2_index": 5339.195175438596,
    "cpi_index": 70.13859352473716,
    "traffic_inefficiency_index": 176.22264524565185,
    "contributors_traffic": 1905,
    "quality_of_life_index": 159.3704576105609,
    "rent_index": 34.18514228350617,
    "contributors_pollution": 3011,
    "health_care_index": 71.70627763560148,
    "contributors_crime": 7688,
    "traffic_index": 140.01921497066994,
    "groceries_index": 68.27988437583295,
    "name": "Canada",
    "contributors_property": 1972,
    "pollution_index": 28.22915085714624
}