{
    "crime_index": 44.90637979468509,
    "traffic_time_index": 46.67536412078152,
    "cpi_and_rent_index": 16.047885947204783,
    "purchasing_power_incl_rent_index": 45.259379723336366,
    "restaurant_price_index": 17.745762301463593,
    "property_price_to_income_ratio": 10.917305894950909,
    "contributors_cost_of_living": 8484,
    "contributors_healthcare": 2595,
    "climate_index": 65.26742548435486,
    "safety_index": 55.09362020531491,
    "traffic_co2_index": 6007.303285968029,
    "cpi_index": 25.00592985188686,
    "traffic_inefficiency_index": 243.26322334931004,
    "contributors_traffic": 2387,
    "quality_of_life_index": 103.68404161376199,
    "rent_index": 5.762889261356034,
    "contributors_pollution": 5000,
    "health_care_index": 65.78306303377404,
    "contributors_crime": 5785,
    "traffic_index": 205.56322494186782,
    "groceries_index": 26.066294738025892,
    "name": "India",
    "contributors_property": 2243,
    "pollution_index": 79.91995971899131
}