{
    "crime_index": 26.46553866855183,
    "traffic_time_index": 28.6,
    "cpi_and_rent_index": 64.45663450527263,
    "purchasing_power_incl_rent_index": 91.9764883053504,
    "restaurant_price_index": 104.87943566275062,
    "property_price_to_income_ratio": 6.706281462458849,
    "contributors_cost_of_living": 859,
    "contributors_healthcare": 192,
    "climate_index": 81.80102172437992,
    "safety_index": 73.53446133144816,
    "traffic_co2_index": 1663.5885714285714,
    "cpi_index": 89.42479397062897,
    "traffic_inefficiency_index": 121.9955489159784,
    "contributors_traffic": 179,
    "quality_of_life_index": 188.79816029105126,
    "rent_index": 35.741565183361445,
    "contributors_pollution": 204,
    "health_care_index": 79.67016977424517,
    "contributors_crime": 526,
    "traffic_index": 88.2503749753599,
    "groceries_index": 70.79995117167202,
    "name": "Denmark",
    "contributors_property": 213,
    "pollution_index": 20.918969982673858
}