{
    "crime_index": 44.89510369168721,
    "traffic_time_index": 33.84503631961259,
    "cpi_and_rent_index": 37.73059271156334,
    "purchasing_power_incl_rent_index": 38.378875580281715,
    "restaurant_price_index": 54.98246318886778,
    "property_price_to_income_ratio": 9.467058607243194,
    "contributors_cost_of_living": 1537,
    "contributors_healthcare": 610,
    "climate_index": 94.17588483114787,
    "safety_index": 55.10489630831279,
    "traffic_co2_index": 4524.2082324455205,
    "cpi_index": 59.141033084085905,
    "traffic_inefficiency_index": 142.95353073475982,
    "contributors_traffic": 429,
    "quality_of_life_index": 130.12395428500784,
    "rent_index": 13.148629214056667,
    "contributors_pollution": 648,
    "health_care_index": 56.957043194114576,
    "contributors_crime": 1340,
    "traffic_index": 133.26995474202897,
    "groceries_index": 45.90481240938519,
    "name": "Greece",
    "contributors_property": 513,
    "pollution_index": 51.976714370747445
}