{
    "crime_index": 33.446320663351436,
    "traffic_time_index": 26.796407185628745,
    "cpi_and_rent_index": 73.60699416799227,
    "purchasing_power_incl_rent_index": 78.14684007922406,
    "restaurant_price_index": 107.69801656589814,
    "property_price_to_income_ratio": 8.438450561252758,
    "contributors_cost_of_living": 1071,
    "contributors_healthcare": 320,
    "climate_index": 68.67504849504108,
    "safety_index": 66.55367933664856,
    "traffic_co2_index": 2432.119760479042,
    "cpi_index": 105.21475258811788,
    "traffic_inefficiency_index": 121.56651667936924,
    "contributors_traffic": 171,
    "quality_of_life_index": 173.12329576914848,
    "rent_index": 37.25593771933966,
    "contributors_pollution": 317,
    "health_care_index": 75.3657463815161,
    "contributors_crime": 1069,
    "traffic_index": 92.76996282652851,
    "groceries_index": 99.36664179252085,
    "name": "Norway",
    "contributors_property": 312,
    "pollution_index": 18.138197853409974
}