{
    "crime_index": 44.894775526654406,
    "traffic_time_index": 46.67536412078152,
    "cpi_and_rent_index": 16.063143590423998,
    "purchasing_power_incl_rent_index": 45.27978871044451,
    "restaurant_price_index": 17.826238855585906,
    "property_price_to_income_ratio": 10.926299585224868,
    "contributors_cost_of_living": 8496,
    "contributors_healthcare": 2595,
    "climate_index": 65.26742548435486,
    "safety_index": 55.10522447334559,
    "traffic_co2_index": 6007.303285968029,
    "cpi_index": 25.01125128576357,
    "traffic_inefficiency_index": 243.26322334931004,
    "contributors_traffic": 2387,
    "quality_of_life_index": 103.68848150895897,
    "rent_index": 5.772215533507434,
    "contributors_pollution": 5000,
    "health_care_index": 65.78306303377404,
    "contributors_crime": 5787,
    "traffic_index": 205.56322494186782,
    "groceries_index": 26.100931264486636,
    "name": "India",
    "contributors_property": 2248,
    "pollution_index": 79.91995971899131
}