{
    "crime_index": 34.561933934187195,
    "traffic_time_index": 35.811501597444085,
    "cpi_and_rent_index": 27.50738130034306,
    "purchasing_power_incl_rent_index": 49.900225416850034,
    "restaurant_price_index": 33.12006172847199,
    "property_price_to_income_ratio": 11.177975223578304,
    "contributors_cost_of_living": 1017,
    "contributors_healthcare": 448,
    "climate_index": 79.4814026603163,
    "safety_index": 65.4380660658128,
    "traffic_co2_index": 2829.9169329073484,
    "cpi_index": 40.59273607566014,
    "traffic_inefficiency_index": 131.65299976808717,
    "contributors_traffic": 322,
    "quality_of_life_index": 135.10894230789557,
    "rent_index": 12.483696226981298,
    "contributors_pollution": 319,
    "health_care_index": 52.318317269744924,
    "contributors_crime": 753,
    "traffic_index": 126.59858750980334,
    "groceries_index": 33.64465385271118,
    "name": "Hungary",
    "contributors_property": 516,
    "pollution_index": 47.77246358483185
}