{
    "crime_index": 51.43548291577464,
    "traffic_time_index": 34.45714285714286,
    "cpi_and_rent_index": 54.46897157992454,
    "purchasing_power_incl_rent_index": 74.41962965564367,
    "restaurant_price_index": 74.46637003827715,
    "property_price_to_income_ratio": 11.741826231450277,
    "contributors_cost_of_living": 2068,
    "contributors_healthcare": 370,
    "climate_index": 90.41281450812791,
    "safety_index": 48.56451708422536,
    "traffic_co2_index": 3155.813411078717,
    "cpi_index": 78.09764915620643,
    "traffic_inefficiency_index": 126.27642638279174,
    "contributors_traffic": 363,
    "quality_of_life_index": 151.60947643382454,
    "rent_index": 27.294396876913307,
    "contributors_pollution": 1091,
    "health_care_index": 80.53179720130767,
    "contributors_crime": 2094,
    "traffic_index": 123.86209747884544,
    "groceries_index": 75.28696053030347,
    "name": "France",
    "contributors_property": 580,
    "pollution_index": 42.016192667203455
}