{
    "crime_index": 31.391261844107127,
    "traffic_time_index": 35.72108843537415,
    "cpi_and_rent_index": 60.29635073509603,
    "purchasing_power_incl_rent_index": 69.67524453519044,
    "restaurant_price_index": 90.83299759393006,
    "property_price_to_income_ratio": 13.256262033240729,
    "contributors_cost_of_living": 1112,
    "contributors_healthcare": 273,
    "climate_index": 93.83435855654687,
    "safety_index": 68.60873815589288,
    "traffic_co2_index": 5476.190476190477,
    "cpi_index": 84.4748568780018,
    "traffic_inefficiency_index": 160.94714990635288,
    "contributors_traffic": 157,
    "quality_of_life_index": 144.43698733881192,
    "rent_index": 32.48943605413495,
    "contributors_pollution": 342,
    "health_care_index": 73.74575744855863,
    "contributors_crime": 609,
    "traffic_index": 148.24248452672458,
    "groceries_index": 71.66488847458581,
    "name": "Israel",
    "contributors_property": 306,
    "pollution_index": 58.42441516913267
}