{
    "crime_index": 21.426941667670018,
    "traffic_time_index": 28.644000000000002,
    "cpi_and_rent_index": 92.27967495718359,
    "purchasing_power_incl_rent_index": 107.93796633368788,
    "restaurant_price_index": 121.39947462042502,
    "property_price_to_income_ratio": 8.322772890432143,
    "contributors_cost_of_living": 1320,
    "contributors_healthcare": 303,
    "climate_index": 80.0455333706573,
    "safety_index": 78.57305833232998,
    "traffic_co2_index": 2068.692,
    "cpi_index": 124.99488048008318,
    "traffic_inefficiency_index": 100.78300972562572,
    "contributors_traffic": 263,
    "quality_of_life_index": 190.4255059799796,
    "rent_index": 54.718374302693775,
    "contributors_pollution": 380,
    "health_care_index": 74.27450497036911,
    "contributors_crime": 873,
    "traffic_index": 92.05636354790992,
    "groceries_index": 126.4661567676928,
    "name": "Switzerland",
    "contributors_property": 342,
    "pollution_index": 19.925392839380233
}