{
    "crime_index": 39.54811367414445,
    "traffic_time_index": 44.5312,
    "cpi_and_rent_index": 20.5945200727459,
    "purchasing_power_incl_rent_index": 34.97220326278015,
    "restaurant_price_index": 20.836414026001425,
    "property_price_to_income_ratio": 7.59927338435498,
    "contributors_cost_of_living": 2453,
    "contributors_healthcare": 915,
    "climate_index": 92.55039879181442,
    "safety_index": 60.45188632585553,
    "traffic_co2_index": 5986.397419354838,
    "cpi_index": 32.9742907748893,
    "traffic_inefficiency_index": 213.9877247795216,
    "contributors_traffic": 820,
    "quality_of_life_index": 126.13798587963727,
    "rent_index": 6.380937063115494,
    "contributors_pollution": 1128,
    "health_care_index": 70.79108653337659,
    "contributors_crime": 1924,
    "traffic_index": 193.71343694790244,
    "groceries_index": 28.829860094020244,
    "name": "Turkey",
    "contributors_property": 662,
    "pollution_index": 66.12165550577109
}