{
    "crime_index": 46.050843917530486,
    "traffic_time_index": 43.34848484848485,
    "cpi_and_rent_index": 24.121305324869166,
    "purchasing_power_incl_rent_index": 20.237464823212502,
    "restaurant_price_index": 17.73784676753594,
    "property_price_to_income_ratio": 21.83130338239159,
    "contributors_cost_of_living": 935,
    "contributors_healthcare": 264,
    "climate_index": 68.48067159814728,
    "safety_index": 53.949156082469514,
    "traffic_co2_index": 7110.174242424241,
    "cpi_index": 36.353232971173085,
    "traffic_inefficiency_index": 241.30171338224466,
    "contributors_traffic": 275,
    "quality_of_life_index": 90.25730181199464,
    "rent_index": 10.05376258942765,
    "contributors_pollution": 645,
    "health_care_index": 60.41754719689831,
    "contributors_crime": 803,
    "traffic_index": 195.78683297979745,
    "groceries_index": 37.745605413495824,
    "name": "Indonesia",
    "contributors_property": 234,
    "pollution_index": 66.99795369937338
}