{
    "crime_index": 46.050843917530486,
    "traffic_time_index": 43.34848484848485,
    "cpi_and_rent_index": 24.172788817015046,
    "purchasing_power_incl_rent_index": 20.216726857565195,
    "restaurant_price_index": 17.757886493128332,
    "property_price_to_income_ratio": 21.944977422753304,
    "contributors_cost_of_living": 935,
    "contributors_healthcare": 264,
    "climate_index": 68.48067159814728,
    "safety_index": 53.949156082469514,
    "traffic_co2_index": 7110.174242424241,
    "cpi_index": 36.45508066873363,
    "traffic_inefficiency_index": 241.30171338224466,
    "contributors_traffic": 275,
    "quality_of_life_index": 90.12514781561794,
    "rent_index": 10.07112417530373,
    "contributors_pollution": 645,
    "health_care_index": 60.41754719689831,
    "contributors_crime": 803,
    "traffic_index": 195.78683297979745,
    "groceries_index": 37.78698585442545,
    "name": "Indonesia",
    "contributors_property": 234,
    "pollution_index": 66.99795369937338
}