{
    "crime_index": 45.092721569545766,
    "traffic_time_index": 37.89556962025316,
    "cpi_and_rent_index": 63.56786021856414,
    "purchasing_power_incl_rent_index": 74.89072706652424,
    "restaurant_price_index": 81.50430370379844,
    "property_price_to_income_ratio": 7.0211590802664405,
    "contributors_cost_of_living": 1249,
    "contributors_healthcare": 395,
    "climate_index": 89.13089204184517,
    "safety_index": 54.90727843045424,
    "traffic_co2_index": 4338.702531645569,
    "cpi_index": 80.14985121292196,
    "traffic_inefficiency_index": 173.42718208015626,
    "contributors_traffic": 327,
    "quality_of_life_index": 151.71406338118263,
    "rent_index": 44.52958308614183,
    "contributors_pollution": 369,
    "health_care_index": 52.95025644450088,
    "contributors_crime": 1481,
    "traffic_index": 149.81807470449735,
    "groceries_index": 65.30360781366568,
    "name": "Ireland",
    "contributors_property": 338,
    "pollution_index": 33.90350636107654
}