{
    "crime_index": 27.483746973031895,
    "traffic_time_index": 28.91304347826087,
    "cpi_and_rent_index": 53.73826142367375,
    "purchasing_power_incl_rent_index": 86.87735101963801,
    "restaurant_price_index": 82.2921462606797,
    "property_price_to_income_ratio": 8.491069656881123,
    "contributors_cost_of_living": 839,
    "contributors_healthcare": 244,
    "climate_index": 56.64281313137743,
    "safety_index": 72.51625302696812,
    "traffic_co2_index": 1811.5403726708073,
    "cpi_index": 75.89853134840403,
    "traffic_inefficiency_index": 77.01512910291493,
    "contributors_traffic": 164,
    "quality_of_life_index": 181.74003446573687,
    "rent_index": 28.252454671925985,
    "contributors_pollution": 344,
    "health_care_index": 76.09381908564077,
    "contributors_crime": 676,
    "traffic_index": 88.60028235161143,
    "groceries_index": 64.08134691649667,
    "name": "Finland",
    "contributors_property": 244,
    "pollution_index": 12.075079904198812
}