{
    "crime_index": 35.48197039390262,
    "traffic_time_index": 31.354206896551727,
    "cpi_and_rent_index": 50.49171876251341,
    "purchasing_power_incl_rent_index": 92.8319210268801,
    "restaurant_price_index": 64.2718505441556,
    "property_price_to_income_ratio": 8.922986980094812,
    "contributors_cost_of_living": 4036,
    "contributors_healthcare": 760,
    "climate_index": 82.72659761450095,
    "safety_index": 64.5180296060974,
    "traffic_co2_index": 2431.28,
    "cpi_index": 68.65974009344576,
    "traffic_inefficiency_index": 128.78224317272952,
    "contributors_traffic": 761,
    "quality_of_life_index": 176.5374820218327,
    "rent_index": 29.597267464108977,
    "contributors_pollution": 1397,
    "health_care_index": 73.78282619656852,
    "contributors_crime": 2686,
    "traffic_index": 105.5655513445482,
    "groceries_index": 53.22301003411207,
    "name": "Germany",
    "contributors_property": 1070,
    "pollution_index": 27.715349656570776
}