{
    "crime_index": 42.62378829631018,
    "traffic_time_index": 34.772706422018345,
    "cpi_and_rent_index": 62.90385758092986,
    "purchasing_power_incl_rent_index": 96.87153954959551,
    "restaurant_price_index": 76.94705004555776,
    "property_price_to_income_ratio": 7.343950056775364,
    "contributors_cost_of_living": 2368,
    "contributors_healthcare": 951,
    "climate_index": 92.7024572835917,
    "safety_index": 57.376211703689826,
    "traffic_co2_index": 5671.233944954129,
    "cpi_index": 83.33120168073953,
    "traffic_inefficiency_index": 203.20302492515563,
    "contributors_traffic": 905,
    "quality_of_life_index": 180.78029323784074,
    "rent_index": 39.41103254100472,
    "contributors_pollution": 2035,
    "health_care_index": 77.85571973279924,
    "contributors_crime": 4750,
    "traffic_index": 147.26639315314614,
    "groceries_index": 79.97618727805617,
    "name": "Australia",
    "contributors_property": 438,
    "pollution_index": 23.454167978451245
}