{
    "crime_index": 42.14307451902935,
    "traffic_time_index": 30.70708955223881,
    "cpi_and_rent_index": 58.86466751651016,
    "purchasing_power_incl_rent_index": 79.61540434192663,
    "restaurant_price_index": 73.95555673831812,
    "property_price_to_income_ratio": 8.013068251642569,
    "contributors_cost_of_living": 1071,
    "contributors_healthcare": 268,
    "climate_index": 96.3514034654538,
    "safety_index": 57.85692548097065,
    "traffic_co2_index": 5125.582089552239,
    "cpi_index": 78.05321052840998,
    "traffic_inefficiency_index": 161.66260130607824,
    "contributors_traffic": 280,
    "quality_of_life_index": 175.37357042966036,
    "rent_index": 36.796547375828666,
    "contributors_pollution": 474,
    "health_care_index": 73.53943110757018,
    "contributors_crime": 998,
    "traffic_index": 127.0360970855934,
    "groceries_index": 72.61325357175234,
    "name": "New Zealand",
    "contributors_property": 184,
    "pollution_index": 23.643040347757946
}