{
    "crime_index": 21.76580723271618,
    "traffic_time_index": 39.81736111111111,
    "cpi_and_rent_index": 57.24944719093518,
    "purchasing_power_incl_rent_index": 76.9533627449566,
    "restaurant_price_index": 47.264233257147566,
    "property_price_to_income_ratio": 12.955481411059601,
    "contributors_cost_of_living": 830,
    "contributors_healthcare": 164,
    "climate_index": 84.79051936077573,
    "safety_index": 78.23419276728382,
    "traffic_co2_index": 1758.0833333333333,
    "cpi_index": 82.71669521271974,
    "traffic_inefficiency_index": 148.30387643223239,
    "contributors_traffic": 150,
    "quality_of_life_index": 163.20174440360773,
    "rent_index": 27.960392328940664,
    "contributors_pollution": 389,
    "health_care_index": 80.33632295206843,
    "contributors_crime": 746,
    "traffic_index": 133.44783508798557,
    "groceries_index": 85.13607851015179,
    "name": "Japan",
    "contributors_property": 201,
    "pollution_index": 38.938351836823415
}