{
    "crime_index": 42.57431116281458,
    "traffic_time_index": 34.772706422018345,
    "cpi_and_rent_index": 62.895062425947344,
    "purchasing_power_incl_rent_index": 96.79335583020207,
    "restaurant_price_index": 76.87304591787459,
    "property_price_to_income_ratio": 7.344388751960483,
    "contributors_cost_of_living": 2365,
    "contributors_healthcare": 949,
    "climate_index": 92.7024572835917,
    "safety_index": 57.425688837185426,
    "traffic_co2_index": 5671.233944954129,
    "cpi_index": 83.3816157027023,
    "traffic_inefficiency_index": 203.20302492515563,
    "contributors_traffic": 905,
    "quality_of_life_index": 180.75190934858722,
    "rent_index": 39.37384118636839,
    "contributors_pollution": 2034,
    "health_care_index": 77.83434378971027,
    "contributors_crime": 4740,
    "traffic_index": 147.26639315314614,
    "groceries_index": 79.87956426488537,
    "name": "Australia",
    "contributors_property": 438,
    "pollution_index": 23.465895718891666
}