{
    "crime_index": 47.23966764482056,
    "traffic_time_index": 29.763392857142858,
    "cpi_and_rent_index": 54.36615835013018,
    "purchasing_power_incl_rent_index": 90.19218362532345,
    "restaurant_price_index": 78.0171394987476,
    "property_price_to_income_ratio": 8.174532553515965,
    "contributors_cost_of_living": 1411,
    "contributors_healthcare": 397,
    "climate_index": 74.92075987514174,
    "safety_index": 52.76033235517944,
    "traffic_co2_index": 2445.571428571429,
    "cpi_index": 77.29916242998503,
    "traffic_inefficiency_index": 138.1880645503013,
    "contributors_traffic": 233,
    "quality_of_life_index": 171.96199986489916,
    "rent_index": 27.99165514229807,
    "contributors_pollution": 424,
    "health_care_index": 68.86194617658765,
    "contributors_crime": 2126,
    "traffic_index": 100.9408477940369,
    "groceries_index": 69.3727216175871,
    "name": "Sweden",
    "contributors_property": 381,
    "pollution_index": 18.340889450124532
}