{
    "crime_index": 51.43548291577464,
    "traffic_time_index": 34.45714285714286,
    "cpi_and_rent_index": 54.44044508502959,
    "purchasing_power_incl_rent_index": 74.39542954195743,
    "restaurant_price_index": 74.58462702776876,
    "property_price_to_income_ratio": 11.712931227788335,
    "contributors_cost_of_living": 2069,
    "contributors_healthcare": 370,
    "climate_index": 90.41281450812791,
    "safety_index": 48.56451708422536,
    "traffic_co2_index": 3155.813411078717,
    "cpi_index": 78.06949162845207,
    "traffic_inefficiency_index": 126.27642638279174,
    "contributors_traffic": 363,
    "quality_of_life_index": 151.63150714478743,
    "rent_index": 27.265446044892748,
    "contributors_pollution": 1091,
    "health_care_index": 80.53179720130767,
    "contributors_crime": 2094,
    "traffic_index": 123.86209747884544,
    "groceries_index": 75.21424596365765,
    "name": "France",
    "contributors_property": 581,
    "pollution_index": 42.016192667203455
}