{
    "crime_index": 42.14307451902935,
    "traffic_time_index": 30.676029962546814,
    "cpi_and_rent_index": 58.86493616322559,
    "purchasing_power_incl_rent_index": 80.68126308101957,
    "restaurant_price_index": 73.95555673831812,
    "property_price_to_income_ratio": 8.013068251642569,
    "contributors_cost_of_living": 1069,
    "contributors_healthcare": 268,
    "climate_index": 96.3514034654538,
    "safety_index": 57.85692548097065,
    "traffic_co2_index": 5141.782771535581,
    "cpi_index": 78.05371276724931,
    "traffic_inefficiency_index": 161.9419314396135,
    "contributors_traffic": 279,
    "quality_of_life_index": 175.8153934962596,
    "rent_index": 36.796547375828666,
    "contributors_pollution": 474,
    "health_care_index": 73.53943110757018,
    "contributors_crime": 998,
    "traffic_index": 127.05787237561353,
    "groceries_index": 72.61325357175234,
    "name": "New Zealand",
    "contributors_property": 184,
    "pollution_index": 23.643040347757946
}