{
    "crime_index": 30.43095226039597,
    "traffic_time_index": 31.36846405228758,
    "cpi_and_rent_index": 29.89835574424668,
    "purchasing_power_incl_rent_index": 46.9562890710787,
    "restaurant_price_index": 34.56019708043143,
    "property_price_to_income_ratio": 13.751653504429724,
    "contributors_cost_of_living": 2312,
    "contributors_healthcare": 607,
    "climate_index": 76.1469169459069,
    "safety_index": 69.56904773960403,
    "traffic_co2_index": 3000.627450980392,
    "cpi_index": 40.33816555943266,
    "traffic_inefficiency_index": 104.22386219907797,
    "contributors_traffic": 644,
    "quality_of_life_index": 130.83810173858592,
    "rent_index": 17.891869524604314,
    "contributors_pollution": 1167,
    "health_care_index": 56.98319072589733,
    "contributors_crime": 1556,
    "traffic_index": 109.9453930676245,
    "groceries_index": 31.965242720458342,
    "name": "Poland",
    "contributors_property": 649,
    "pollution_index": 56.15222641818802
}