{
    "crime_index": 54.81111169506564,
    "traffic_time_index": 39.090622222222215,
    "cpi_and_rent_index": 23.028888349068236,
    "purchasing_power_incl_rent_index": 34.22702399915066,
    "restaurant_price_index": 27.811532099785403,
    "property_price_to_income_ratio": 10.33444664720495,
    "contributors_cost_of_living": 2322,
    "contributors_healthcare": 670,
    "climate_index": 86.14737165930482,
    "safety_index": 45.18888830493436,
    "traffic_co2_index": 7027.166488888889,
    "cpi_index": 33.121981052150915,
    "traffic_inefficiency_index": 241.75472389537364,
    "contributors_traffic": 473,
    "quality_of_life_index": 120.30132881060104,
    "rent_index": 11.421150219886968,
    "contributors_pollution": 1121,
    "health_care_index": 72.44785760375159,
    "contributors_crime": 2776,
    "traffic_index": 175.43807737280267,
    "groceries_index": 31.799160819132215,
    "name": "Mexico",
    "contributors_property": 631,
    "pollution_index": 60.73035400889625
}