{
    "crime_index": 47.68716557862173,
    "traffic_time_index": 32.8834974137931,
    "cpi_and_rent_index": 57.519706930870655,
    "purchasing_power_incl_rent_index": 101.01764158227617,
    "restaurant_price_index": 70.69002049591731,
    "property_price_to_income_ratio": 4.027645172982124,
    "contributors_cost_of_living": 26754,
    "contributors_healthcare": 5000,
    "climate_index": 77.37202411468517,
    "safety_index": 52.31283442137827,
    "traffic_co2_index": 7313.797260670137,
    "cpi_index": 70.78602473276018,
    "traffic_inefficiency_index": 242.6325893246675,
    "contributors_traffic": 6377,
    "quality_of_life_index": 166.45109900198648,
    "rent_index": 42.2625456708937,
    "contributors_pollution": 5000,
    "health_care_index": 69.09709924980525,
    "contributors_crime": 13053,
    "traffic_index": 151.49511249825673,
    "groceries_index": 68.82703265474618,
    "name": "United States",
    "contributors_property": 12449,
    "pollution_index": 38.99083933991339
}