{
    "crime_index": 44.88459575473909,
    "traffic_time_index": 46.67536412078152,
    "cpi_and_rent_index": 16.047751696950034,
    "purchasing_power_incl_rent_index": 45.844237691656225,
    "restaurant_price_index": 17.736167307244155,
    "property_price_to_income_ratio": 10.91898753598644,
    "contributors_cost_of_living": 8498,
    "contributors_healthcare": 2595,
    "climate_index": 65.26742548435486,
    "safety_index": 55.11540424526092,
    "traffic_co2_index": 6007.303285968029,
    "cpi_index": 24.98230395518992,
    "traffic_inefficiency_index": 243.26322334931004,
    "contributors_traffic": 2387,
    "quality_of_life_index": 103.92955776969714,
    "rent_index": 5.772413308008242,
    "contributors_pollution": 5000,
    "health_care_index": 65.78306303377404,
    "contributors_crime": 5788,
    "traffic_index": 205.56322494186782,
    "groceries_index": 26.08690184463552,
    "name": "India",
    "contributors_property": 2249,
    "pollution_index": 79.91995971899131
}