{
    "crime_index": 47.68843737390042,
    "traffic_time_index": 32.8834974137931,
    "cpi_and_rent_index": 57.572355009674055,
    "purchasing_power_incl_rent_index": 99.82705278284759,
    "restaurant_price_index": 70.68931390181544,
    "property_price_to_income_ratio": 4.029070781528549,
    "contributors_cost_of_living": 26723,
    "contributors_healthcare": 5000,
    "climate_index": 77.53336733725331,
    "safety_index": 52.31156262609958,
    "traffic_co2_index": 7313.797260670137,
    "cpi_index": 70.90597412343115,
    "traffic_inefficiency_index": 242.6325893246675,
    "contributors_traffic": 6377,
    "quality_of_life_index": 166.02620164658606,
    "rent_index": 42.26363026412056,
    "contributors_pollution": 5000,
    "health_care_index": 69.0959709412796,
    "contributors_crime": 13047,
    "traffic_index": 151.49511249825673,
    "groceries_index": 68.83625349473677,
    "name": "United States",
    "contributors_property": 12441,
    "pollution_index": 38.97274205164616
}