{
    "crime_index": 39.533282978097716,
    "traffic_time_index": 44.5312,
    "cpi_and_rent_index": 18.79522016193797,
    "purchasing_power_incl_rent_index": 35.13485317817589,
    "restaurant_price_index": 18.997027249392477,
    "property_price_to_income_ratio": 7.608059789460887,
    "contributors_cost_of_living": 2461,
    "contributors_healthcare": 915,
    "climate_index": 92.55039879181442,
    "safety_index": 60.4667170219023,
    "traffic_co2_index": 5986.397419354838,
    "cpi_index": 30.05709972667889,
    "traffic_inefficiency_index": 213.9877247795216,
    "contributors_traffic": 820,
    "quality_of_life_index": 126.4933938935341,
    "rent_index": 5.843298221305852,
    "contributors_pollution": 1128,
    "health_care_index": 70.79108653337659,
    "contributors_crime": 1925,
    "traffic_index": 193.71343694790244,
    "groceries_index": 26.32012984978602,
    "name": "Turkey",
    "contributors_property": 665,
    "pollution_index": 66.12165550577109
}