{
    "crime_index": 27.152467174208546,
    "traffic_time_index": 27.79781420765027,
    "cpi_and_rent_index": 58.81144949412541,
    "purchasing_power_incl_rent_index": 83.62524293986398,
    "restaurant_price_index": 80.65841862219347,
    "property_price_to_income_ratio": 7.177204246093156,
    "contributors_cost_of_living": 1764,
    "contributors_healthcare": 475,
    "climate_index": 86.99563202193353,
    "safety_index": 72.84753282579149,
    "traffic_co2_index": 2525.0765027322404,
    "cpi_index": 76.00687693823491,
    "traffic_inefficiency_index": 165.38584175636385,
    "contributors_traffic": 378,
    "quality_of_life_index": 183.41826922992456,
    "rent_index": 39.03554683848082,
    "contributors_pollution": 544,
    "health_care_index": 75.3509499160495,
    "contributors_crime": 1118,
    "traffic_index": 97.55558963797499,
    "groceries_index": 59.29916977062597,
    "name": "Netherlands",
    "contributors_property": 514,
    "pollution_index": 25.37657893335894
}