{
    "crime_index": 63.54323567172585,
    "traffic_time_index": 43.03513513513514,
    "cpi_and_rent_index": 23.976626725095638,
    "purchasing_power_incl_rent_index": 32.3839072563982,
    "restaurant_price_index": 33.565414796233114,
    "property_price_to_income_ratio": 23.15942772023473,
    "contributors_cost_of_living": 461,
    "contributors_healthcare": 292,
    "climate_index": 98.27899589633084,
    "safety_index": 36.45676432827414,
    "traffic_co2_index": 4089.0378378378377,
    "cpi_index": 37.27775951452589,
    "traffic_inefficiency_index": 184.10165687043332,
    "contributors_traffic": 196,
    "quality_of_life_index": 109.12971363016945,
    "rent_index": 8.679425878618083,
    "contributors_pollution": 258,
    "health_care_index": 68.65433920988099,
    "contributors_crime": 900,
    "traffic_index": 171.93124802145817,
    "groceries_index": 28.678757331148713,
    "name": "Argentina",
    "contributors_property": 136,
    "pollution_index": 50.803291770002076
}