{
    "crime_index": 67.65965232778294,
    "traffic_time_index": 41.63321799307959,
    "cpi_and_rent_index": 19.936234014121563,
    "purchasing_power_incl_rent_index": 28.092816936387564,
    "restaurant_price_index": 21.78679102174003,
    "property_price_to_income_ratio": 15.51512384551145,
    "contributors_cost_of_living": 3013,
    "contributors_healthcare": 1052,
    "climate_index": 92.39444932444934,
    "safety_index": 32.340347672217085,
    "traffic_co2_index": 5604.47289504037,
    "cpi_index": 30.345142976777577,
    "traffic_inefficiency_index": 209.62396612948424,
    "contributors_traffic": 907,
    "quality_of_life_index": 105.61091774015567,
    "rent_index": 7.985455995690106,
    "contributors_pollution": 1111,
    "health_care_index": 57.64580358842457,
    "contributors_crime": 3534,
    "traffic_index": 177.0823503564459,
    "groceries_index": 24.35227188805744,
    "name": "Brazil",
    "contributors_property": 884,
    "pollution_index": 54.42991041144772
}