{
    "crime_index": 25.295466820180792,
    "traffic_time_index": 25.669767441860465,
    "cpi_and_rent_index": 53.92739814697681,
    "purchasing_power_incl_rent_index": 73.89933427787035,
    "restaurant_price_index": 72.60254352441214,
    "property_price_to_income_ratio": 10.737702951559958,
    "contributors_cost_of_living": 738,
    "contributors_healthcare": 244,
    "climate_index": 77.78841622813002,
    "safety_index": 74.70453317981921,
    "traffic_co2_index": 1637.2674418604652,
    "cpi_index": 75.63402270299267,
    "traffic_inefficiency_index": 74.22501164707512,
    "contributors_traffic": 172,
    "quality_of_life_index": 179.890393795982,
    "rent_index": 29.005376777679952,
    "contributors_pollution": 376,
    "health_care_index": 77.92613461881794,
    "contributors_crime": 630,
    "traffic_index": 79.84794379856882,
    "groceries_index": 67.3405677001654,
    "name": "Austria",
    "contributors_property": 209,
    "pollution_index": 19.478315228785256
}