{
    "crime_index": 47.686801305831935,
    "traffic_time_index": 32.8834974137931,
    "cpi_and_rent_index": 57.514775560037414,
    "purchasing_power_incl_rent_index": 99.93599056100112,
    "restaurant_price_index": 70.69013337998948,
    "property_price_to_income_ratio": 4.0278709512058875,
    "contributors_cost_of_living": 26744,
    "contributors_healthcare": 5000,
    "climate_index": 77.37202411468517,
    "safety_index": 52.313198694168065,
    "traffic_co2_index": 7313.797260670137,
    "cpi_index": 70.77706098081916,
    "traffic_inefficiency_index": 242.6325893246675,
    "contributors_traffic": 6377,
    "quality_of_life_index": 166.026674601007,
    "rent_index": 42.26225181061477,
    "contributors_pollution": 5000,
    "health_care_index": 69.09540172452186,
    "contributors_crime": 13051,
    "traffic_index": 151.49511249825673,
    "groceries_index": 68.81241816421027,
    "name": "United States",
    "contributors_property": 12445,
    "pollution_index": 38.97874591349539
}