{
    "crime_index": 44.979019509853906,
    "traffic_time_index": 33.84503631961259,
    "cpi_and_rent_index": 37.60241551051527,
    "purchasing_power_incl_rent_index": 38.85177495670178,
    "restaurant_price_index": 54.901077808031765,
    "property_price_to_income_ratio": 9.470163593278004,
    "contributors_cost_of_living": 1540,
    "contributors_healthcare": 610,
    "climate_index": 94.17588483114787,
    "safety_index": 55.020980490146094,
    "traffic_co2_index": 4524.2082324455205,
    "cpi_index": 58.87883264460062,
    "traffic_inefficiency_index": 142.95353073475982,
    "contributors_traffic": 429,
    "quality_of_life_index": 130.29427118440623,
    "rent_index": 13.133099148816019,
    "contributors_pollution": 648,
    "health_care_index": 56.957043194114576,
    "contributors_crime": 1342,
    "traffic_index": 133.26995474202897,
    "groceries_index": 45.84966402263746,
    "name": "Greece",
    "contributors_property": 515,
    "pollution_index": 51.976714370747445
}