{
    "crime_index": 44.887489111630245,
    "traffic_time_index": 46.67536412078152,
    "cpi_and_rent_index": 16.063220471572382,
    "purchasing_power_incl_rent_index": 45.786071600964995,
    "restaurant_price_index": 17.826365312813195,
    "property_price_to_income_ratio": 10.92270559701777,
    "contributors_cost_of_living": 8499,
    "contributors_healthcare": 2595,
    "climate_index": 65.26742548435486,
    "safety_index": 55.112510888369755,
    "traffic_co2_index": 6007.303285968029,
    "cpi_index": 25.011395016159334,
    "traffic_inefficiency_index": 243.26322334931004,
    "contributors_traffic": 2387,
    "quality_of_life_index": 103.89821748784678,
    "rent_index": 5.772215533507434,
    "contributors_pollution": 5000,
    "health_care_index": 65.78306303377404,
    "contributors_crime": 5788,
    "traffic_index": 205.56322494186782,
    "groceries_index": 26.100931264486636,
    "name": "India",
    "contributors_property": 2248,
    "pollution_index": 79.91995971899131
}