{
    "crime_index": 54.76105554471258,
    "traffic_time_index": 39.090622222222215,
    "cpi_and_rent_index": 23.173671626956445,
    "purchasing_power_incl_rent_index": 33.965806792657396,
    "restaurant_price_index": 27.984961700678664,
    "property_price_to_income_ratio": 10.327706802590104,
    "contributors_cost_of_living": 2317,
    "contributors_healthcare": 670,
    "climate_index": 86.14737165930482,
    "safety_index": 45.238944455287424,
    "traffic_co2_index": 7027.166488888889,
    "cpi_index": 33.39228601687222,
    "traffic_inefficiency_index": 241.75472389537364,
    "contributors_traffic": 473,
    "quality_of_life_index": 120.225972832037,
    "rent_index": 11.441376468264638,
    "contributors_pollution": 1119,
    "health_care_index": 72.44785760375159,
    "contributors_crime": 2770,
    "traffic_index": 175.43807737280267,
    "groceries_index": 31.97849618394327,
    "name": "Mexico",
    "contributors_property": 629,
    "pollution_index": 60.693763787825205
}