{
    "crime_index": 34.57379687066746,
    "traffic_time_index": 35.8312101910828,
    "cpi_and_rent_index": 27.603041013148673,
    "purchasing_power_incl_rent_index": 50.548174508959455,
    "restaurant_price_index": 33.26395137523745,
    "property_price_to_income_ratio": 11.177539478142544,
    "contributors_cost_of_living": 1018,
    "contributors_healthcare": 449,
    "climate_index": 79.4814026603163,
    "safety_index": 65.42620312933254,
    "traffic_co2_index": 2822.8152866242035,
    "cpi_index": 40.7028537398302,
    "traffic_inefficiency_index": 131.46241880503365,
    "contributors_traffic": 323,
    "quality_of_life_index": 135.20064431879968,
    "rent_index": 12.537371832661234,
    "contributors_pollution": 320,
    "health_care_index": 52.30687767633053,
    "contributors_crime": 755,
    "traffic_index": 126.60490644002704,
    "groceries_index": 33.79602633417359,
    "name": "Hungary",
    "contributors_property": 516,
    "pollution_index": 47.97727358863156
}