{
    "crime_index": 41.480343031414186,
    "traffic_time_index": 33.74753289473684,
    "cpi_and_rent_index": 53.26062558863987,
    "purchasing_power_incl_rent_index": 80.8124010011226,
    "restaurant_price_index": 65.22038481805221,
    "property_price_to_income_ratio": 7.478262637637545,
    "contributors_cost_of_living": 7545,
    "contributors_healthcare": 2838,
    "climate_index": 56.749144190770465,
    "safety_index": 58.51965696858582,
    "traffic_co2_index": 5339.195175438596,
    "cpi_index": 69.98748566983491,
    "traffic_inefficiency_index": 176.22264524565185,
    "contributors_traffic": 1905,
    "quality_of_life_index": 159.01346977915244,
    "rent_index": 34.05601994813509,
    "contributors_pollution": 3011,
    "health_care_index": 71.70627763560148,
    "contributors_crime": 7677,
    "traffic_index": 140.01921497066994,
    "groceries_index": 68.0433126852355,
    "name": "Canada",
    "contributors_property": 1968,
    "pollution_index": 28.22915085714624
}