{
    "crime_index": 67.65876404356317,
    "traffic_time_index": 41.63321799307959,
    "cpi_and_rent_index": 19.922318319460455,
    "purchasing_power_incl_rent_index": 28.396851917279335,
    "restaurant_price_index": 21.792749632193235,
    "property_price_to_income_ratio": 15.543966812800655,
    "contributors_cost_of_living": 3022,
    "contributors_healthcare": 1053,
    "climate_index": 92.39444932444934,
    "safety_index": 32.34123595643682,
    "traffic_co2_index": 5604.47289504037,
    "cpi_index": 30.307372707408796,
    "traffic_inefficiency_index": 209.62396612948424,
    "contributors_traffic": 907,
    "quality_of_life_index": 105.695278260369,
    "rent_index": 7.978804538417784,
    "contributors_pollution": 1111,
    "health_care_index": 57.61422440367226,
    "contributors_crime": 3535,
    "traffic_index": 177.0823503564459,
    "groceries_index": 24.36482151540611,
    "name": "Brazil",
    "contributors_property": 885,
    "pollution_index": 54.42991041144772
}