{
    "crime_index": 33.446320663351436,
    "traffic_time_index": 26.796407185628745,
    "cpi_and_rent_index": 73.60797932553983,
    "purchasing_power_incl_rent_index": 77.62309103704719,
    "restaurant_price_index": 107.5688693828263,
    "property_price_to_income_ratio": 8.455104703638627,
    "contributors_cost_of_living": 1067,
    "contributors_healthcare": 320,
    "climate_index": 68.67504849504108,
    "safety_index": 66.55367933664856,
    "traffic_co2_index": 2432.119760479042,
    "cpi_index": 105.21659435410578,
    "traffic_inefficiency_index": 121.56651667936924,
    "contributors_traffic": 171,
    "quality_of_life_index": 172.89695783329304,
    "rent_index": 37.25593771933966,
    "contributors_pollution": 317,
    "health_care_index": 75.3657463815161,
    "contributors_crime": 1069,
    "traffic_index": 92.76996282652851,
    "groceries_index": 99.37449109315524,
    "name": "Norway",
    "contributors_property": 312,
    "pollution_index": 18.138197853409974
}