{
    "crime_index": 33.36555034463945,
    "traffic_time_index": 29.380846325167038,
    "cpi_and_rent_index": 41.73950748077446,
    "purchasing_power_incl_rent_index": 61.77164564120279,
    "restaurant_price_index": 56.901174097427166,
    "property_price_to_income_ratio": 9.316163194215921,
    "contributors_cost_of_living": 2676,
    "contributors_healthcare": 768,
    "climate_index": 93.64527426104995,
    "safety_index": 66.63444965536054,
    "traffic_co2_index": 3282.4187082405347,
    "cpi_index": 57.51334012577081,
    "traffic_inefficiency_index": 129.42246341877302,
    "contributors_traffic": 477,
    "quality_of_life_index": 164.54556111809256,
    "rent_index": 23.629100989896926,
    "contributors_pollution": 1215,
    "health_care_index": 78.80003308315979,
    "contributors_crime": 2082,
    "traffic_index": 107.26024392418266,
    "groceries_index": 47.024556894300765,
    "name": "Spain",
    "contributors_property": 815,
    "pollution_index": 39.68625937545926
}