{
    "crime_index": 51.43117217115909,
    "traffic_time_index": 34.45714285714286,
    "cpi_and_rent_index": 54.530729514872256,
    "purchasing_power_incl_rent_index": 73.72661915571696,
    "restaurant_price_index": 74.0460238441817,
    "property_price_to_income_ratio": 11.730213919538599,
    "contributors_cost_of_living": 2065,
    "contributors_healthcare": 370,
    "climate_index": 90.41281450812791,
    "safety_index": 48.56882782884091,
    "traffic_co2_index": 3155.813411078717,
    "cpi_index": 78.23441692241767,
    "traffic_inefficiency_index": 126.27642638279174,
    "contributors_traffic": 363,
    "quality_of_life_index": 151.3323631414522,
    "rent_index": 27.315820878224788,
    "contributors_pollution": 1091,
    "health_care_index": 80.53179720130767,
    "contributors_crime": 2092,
    "traffic_index": 123.86209747884544,
    "groceries_index": 75.39474262947596,
    "name": "France",
    "contributors_property": 580,
    "pollution_index": 42.016192667203455
}