{
    "crime_index": 45.6137958706732,
    "traffic_time_index": 34.45562814070352,
    "cpi_and_rent_index": 53.44267147510574,
    "purchasing_power_incl_rent_index": 81.54742899570032,
    "restaurant_price_index": 76.32236010688462,
    "property_price_to_income_ratio": 9.44558680000266,
    "contributors_cost_of_living": 6839,
    "contributors_healthcare": 1491,
    "climate_index": 87.93872668224306,
    "safety_index": 54.38620412932679,
    "traffic_co2_index": 4056.6974874371863,
    "cpi_index": 71.13189305190879,
    "traffic_inefficiency_index": 158.62610450224125,
    "contributors_traffic": 1059,
    "quality_of_life_index": 158.56471961705938,
    "rent_index": 33.09887222417055,
    "contributors_pollution": 1635,
    "health_care_index": 75.0387340487784,
    "contributors_crime": 4862,
    "traffic_index": 132.72909159762497,
    "groceries_index": 56.47375956691296,
    "name": "United Kingdom",
    "contributors_property": 1710,
    "pollution_index": 40.183749575896826
}